[
  {
    "id": 1747859474483,
    "timestamp": "2025-05-21T20:31:14.483Z",
    "customer": {
      "name": "Alejandro",
      "email": "padillaalejandro94@gmail.com",
      "address": "Av.coronel Roca\n2B"
    },
    "items": [
      {
        "id": 3,
        "name": "iPhone 16 PRO MAX",
        "price": 1100,
        "image": "assets/img/iphone16promax.png",
        "quantity": 1
      },
      {
        "id": 2,
        "name": "iPhone 16 PRO",
        "price": 1000,
        "image": "assets/img/iphone16pro.png",
        "quantity": 1
      }
    ],
    "total": 2100
  },
  {
    "id": 1747860700099,
    "timestamp": "2025-05-21T20:51:40.099Z",
    "customer": {
      "name": "Brenda",
      "email": "brendacelsi@gmail.com",
      "address": "av caviglia 1234"
    },
    "items": [
      {
        "id": 3,
        "name": "iPhone 16 PRO MAX",
        "price": 1100,
        "image": "assets/img/iphonepromax16.jpg",
        "quantity": 2
      },
      {
        "id": 2,
        "name": "iPhone 16 PRO",
        "price": 1000,
        "image": "assets/img/iphone16pro.jpg",
        "quantity": 2
      }
    ],
    "total": 4200
  },
  {
    "id": 1747861688390,
    "timestamp": "2025-05-21T21:08:08.390Z",
    "customer": {
      "name": "asd",
      "email": "asdas@gasdas.com",
      "address": "asdasd"
    },
    "items": [
      {
        "id": 3,
        "name": "iPhone 16 PRO MAX",
        "price": 1100,
        "image": "assets/img/iphonepromax16.jpg",
        "quantity": 3
      }
    ],
    "total": 3300
  },
  {
    "id": 1747862112909,
    "timestamp": "2025-05-21T21:15:12.909Z",
    "customer": {
      "name": "asdas",
      "email": "qwqedq@gmail.com",
      "address": "asdasd"
    },
    "items": [
      {
        "id": 2,
        "name": "iPhone 16 PRO",
        "price": 1000,
        "image": "assets/img/iphone16pro.jpg",
        "quantity": 1
      }
    ],
    "total": 1000
  },
  {
    "id": 1747862225748,
    "timestamp": "2025-05-21T21:17:05.748Z",
    "customer": {
      "name": "asdas",
      "email": "asds@asdsad",
      "address": "asdasd"
    },
    "items": [
      {
        "id": 3,
        "name": "iPhone 16 PRO MAX",
        "price": 1100,
        "image": "assets/img/iphonepromax16.jpg",
        "quantity": 2
      },
      {
        "id": 2,
        "name": "iPhone 16 PRO",
        "price": 1000,
        "image": "assets/img/iphone16pro.jpg",
        "quantity": 1
      }
    ],
    "total": 3200
  },
  {
    "id": 1747862416289,
    "timestamp": "2025-05-21T21:20:16.289Z",
    "customer": {
      "name": "asdas",
      "email": "asdasd@asdas.com",
      "address": "gggg"
    },
    "items": [
      {
        "id": 3,
        "name": "iPhone 16 PRO MAX",
        "price": 1100,
        "image": "assets/img/iphonepromax16.jpg",
        "quantity": 2
      }
    ],
    "total": 2200
  },
  {
    "id": 1747862457904,
    "timestamp": "2025-05-21T21:20:57.904Z",
    "customer": {
      "name": "asdasd",
      "email": "asdasd@gmail.com",
      "address": "asdasd"
    },
    "items": [
      {
        "id": 3,
        "name": "iPhone 16 PRO MAX",
        "price": 1100,
        "image": "assets/img/iphonepromax16.jpg",
        "quantity": 1
      }
    ],
    "total": 1100
  },
  {
    "id": 1747862561857,
    "timestamp": "2025-05-21T21:22:41.857Z",
    "customer": {
      "name": "adasd",
      "email": "asdas@capo.com",
      "address": "adasdasd"
    },
    "items": [
      {
        "id": 3,
        "name": "iPhone 16 PRO MAX",
        "price": 1100,
        "image": "assets/img/iphonepromax16.jpg",
        "quantity": 1
      }
    ],
    "total": 1100
  },
  {
    "id": 1747864424128,
    "timestamp": "2025-05-21T21:53:44.128Z",
    "customer": {
      "name": "Ernesto",
      "email": "ernesto@gmail.com",
      "address": "GG"
    },
    "items": [
      {
        "id": 3,
        "name": "iPhone 16 PRO MAX",
        "price": 1100,
        "image": "assets/img/iphonepromax16.jpg",
        "quantity": 2
      }
    ],
    "total": 2200,
    "paymentMethod": "mercadopago"
  }
]